{
  "minecraft": {
    "block_inventory.detailed_amount": 54,
    "furnace": true,
    "harvest_tool.show_unbreakable": true,
    "chicken_egg": true,
    "block_inventory.items_per_line": 9,
    "jukebox": true,
    "brewing_stand": true,
    "animal_owner": true,
    "block_inventory.normal_amount": 9,
    "energy_storage.detailed": false,
    "harvest_tool.effective_tool": true,
    "note_block": true,
    "beehive": true,
    "block_inventory.show_name_amount": 5,
    "block_inventory": true,
    "player_head": true,
    "block_states": false,
    "lectern": true,
    "entity_armor": true,
    "harvest_tool": true,
    "armor_stand": true,
    "fluid": true,
    "horse_stats": true,
    "item_tooltip": true,
    "entity_health": true,
    "energy_storage": true,
    "entity_armor.max_for_render": 40,
    "enchantment_power": true,
    "breaking_progress": true,
    "tnt_stability": true,
    "villager_profession": true,
    "mob_breeding": true,
    "entity_health.icons_per_line": 10,
    "item_frame": true,
    "crop_progress": true,
    "fluid.detailed": false,
    "total_enchantment_power": true,
    "potion_effects": true,
    "command_block": true,
    "mob_growth": true,
    "painting": true,
    "harvest_tool.new_line": false,
    "entity_health.max_for_render": 40,
    "mob_spawner": true,
    "redstone": true
  },
  "jadeaddons": {
    "equipment_requirement": ""
  },
  "shetiphiancore": {
    "hud.rgb16": true,
    "hud": true,
    "hud.redstone": true
  },
  "immersiveengineering": {
    "hemp": true,
    "multiblock_icon": true
  },
  "delightful": {
    "crop_progress": true
  },
  "jade": {
    "coordinates.rel": false,
    "distance": false,
    "block_face": false,
    "coordinates": false,
    "registry_name": "OFF",
    "mod_name": true
  },
  "create": {
    "filter": true,
    "backtank_capacity": true,
    "goggles.requires_goggles": true,
    "goggles": false,
    "blaze_burner": true,
    "exact_block": true,
    "crafting_blueprint": true,
    "goggles.detailed": false,
    "placard": true
  },
  "apotheosis": {
    "adventure": true,
    "ench": true,
    "spawner": true
  },
  "corpse": {
    "corpse": true
  },
  "securitycraft": {
    "showowner": true,
    "showmodules": true,
    "showpasswords": true,
    "info": true,
    "showcustomname": true
  },
  "platforms": {
    "hud": true
  }
}